{
    "REST": {
        "Bacillus subtilis": [
            264.0,
            79.0,
            22.4,
            54.5,
            18.4,
            6.65,
            322.0,
            80.0,
            36.0,
            1.5,
            322.0,
            82.0,
            242.0,
            294.0,
            0.4,
            85.0,
            67.0,
            74.0,
            80.0,
            29.0,
            7.0,
            16.0,
            23.0,
            22.0,
            22.0,
            411.0,
            484.0,
            193.0,
            529.0,
            52.0,
            15.0,
            39.0,
            26.8,
            32.2,
            1.383333,
            322.0,
            80.0,
            51.82,
            15.48,
            16.0,
            2.0,
            1.0,
            6.9,
            14.4,
            6.0,
            251.0,
            36.0,
            15.0,
            7.6,
            0.87,
            60.0,
            293.3,
            169.0,
            0.05,
            16.8,
            3.7,
            18.4,
            8.0,
            21.0,
            40.0,
            79.0,
            5.033333
        ],
        "Thioalkalivibrio sp.": [
            2.158,
            0.015
        ],
        "Marinomonas mediterranea": [
            2.0,
            1.74,
            0.1,
            0.21,
            4.5,
            1.98,
            2.5,
            0.92
        ],
        "Rhizobium meliloti": [
            11.2,
            48.7,
            3.46,
            2.51
        ],
        "Paenibacillus glucanolyticus": [
            1400.0,
            1105.0
        ],
        "Bacillus pumilus": [
            42.2,
            69.7,
            15.7,
            40.04,
            291.0,
            66.0,
            377.0,
            40.0,
            38.61,
            0.16,
            291.0,
            11.0,
            66.0,
            4.9,
            391.0,
            116.0,
            57.0,
            40.26,
            40.11,
            3.63
        ],
        "Acidobacteriaceae": [
            6.0,
            6.7,
            22.4
        ],
        "Bacillus sp.": [
            72.6,
            45.4,
            29.0,
            3.0,
            309.0,
            51.0,
            22.8,
            77.9
        ],
        "Thermus thermophilus": [
            4.77,
            3.33,
            1.58,
            10.3,
            5.33,
            3.66,
            6.1,
            1.48,
            0.35,
            2.93,
            3.75,
            1.09,
            5.98,
            1.001,
            4.345,
            0.365,
            0.13,
            24.6,
            6.47
        ],
        "Streptomyces coelicolor": [
            60.6,
            25.36,
            27.84,
            0.87,
            315.0,
            90.0,
            7.7,
            4.0,
            6.9,
            5.3,
            8.1,
            0.4333333,
            8.217,
            9.495,
            110.0
        ],
        "Bacillus sp. HR03": [
            20.0,
            50.0,
            135.0,
            15.7,
            100.0,
            300.0,
            167.0,
            135.0,
            105.0,
            80.0,
            56.0,
            23.6,
            150.0,
            127.0,
            20.0,
            194.0,
            20.0,
            45.8,
            16.4,
            18.7,
            19.7
        ],
        "Bacillus licheniformis": [
            83.0,
            100.0,
            5.6,
            3.3,
            1.4,
            1.99,
            102.1,
            100.3,
            103.0,
            103.1,
            83.0,
            100.0,
            28.0,
            9.4,
            2.7,
            0.9,
            0.03
        ],
        "Pseudomonas sp.": [
            0.056,
            0.031,
            0.393
        ],
        "Kurthia huakuii": [
            0.468
        ],
        "Bacillus coagulans": [
            69.0,
            17.0
        ],
        "Bacillus clausii": [
            90.0,
            65.0,
            4.0
        ],
        "Streptomyces sviceus": [
            0.3216667,
            0.05783333,
            7.383333,
            0.3166667
        ],
        "Bacillus tequilensis": [
            67.04,
            73.15,
            62.96
        ],
        "Escherichia coli": [
            120.0,
            0.4975,
            1.786667,
            31.7,
            8.666667,
            1.15,
            3.9,
            0.7333333,
            0.02866667,
            0.002333333,
            0.98,
            4.3,
            1.7,
            24.16667,
            362.0
        ],
        "Geobacillus thermopakistaniensis": [
            8.016667
        ],
        "Streptomyces cyaneus": [
            0.05773333,
            0.955,
            0.0279
        ],
        "Trametes hirsuta": [
            50.0,
            197.0,
            403.8,
            423.5,
            427.8,
            577.8
        ],
        "Rhodococcus erythropolis": [
            0.0025,
            22.15333
        ],
        "Geobacillus sp. JS12": [
            84.28,
            206.58,
            99.05,
            62.44,
            0.3,
            45.17,
            38.81
        ],
        "Achromobacter xylosoxidans": [
            6940.0
        ],
        "Citrobacter freundii": [
            5370.0
        ],
        "Trametes versicolor": [
            46.0,
            50.0,
            42.0,
            140.0
        ],
        "Pleurotus ostreatus": [
            5833.333,
            266.6667,
            2.5,
            4.166667,
            466.6667,
            1.666667,
            383.3333
        ],
        "Trametes sp. C30": [
            549.0,
            386.0,
            290.0,
            445.0,
            170.0,
            113.0,
            30.0,
            10.0,
            1093.333,
            38.33333,
            1261.333,
            55.83333,
            10.16667,
            683.3333
        ],
        "Bacillus sp. LS03": [
            6.3
        ],
        "Alcaligenes faecalis": [
            1375.0,
            1243.75,
            843.75
        ],
        "Bacillus sp. SL-1": [
            24.0,
            23.0
        ],
        "Galerina sp. DSM 22662": [
            592.0,
            1.51
        ],
        "Klebsiella pneumoniae": [
            1.02,
            2.93,
            300.0,
            0.68
        ],
        "Thermus sp.": [
            1.0,
            11.6
        ],
        "Pseudomonas sp. LBC1": [
            0.04516667
        ],
        "Carica papaya": [
            0.004833333
        ],
        "unknown prokaryotic organism": [
            9.43,
            34.39,
            1.34,
            24.13,
            1.35,
            1.39,
            0.018,
            663.5,
            1174.0,
            96.25,
            10.81,
            35.32,
            0.031,
            0.042,
            96.31,
            10.59,
            0.032,
            0.042,
            15.41,
            17.83,
            320.98,
            9.39,
            9.75,
            7.46,
            3.62,
            2.41
        ],
        "Streptomyces ipomoeae": [
            9.99,
            4.2
        ],
        "Halobacterium volcanii": [
            10.0,
            9.9,
            19.4,
            21.7
        ],
        "Streptomyces lividans": [
            0.4833333
        ],
        "Streptomyces viridosporus": [
            0.65
        ],
        "Amycolatopsis sp.": [
            0.1666667
        ],
        "Aeromonas hydrophila": [
            81.98,
            205.99
        ],
        "Klebsiella sp. 601": [
            37800.0,
            68409.0,
            10.8,
            1090.0,
            6640.0,
            11.0
        ],