{
    "REST": {
        "Sus scrofa": [
            16.63333,
            19.33333,
            26.83333,
            21.66667,
            5.6,
            26.83333,
            1.766667,
            47.0,
            58.0,
            19.0,
            64.0,
            12.0,
            41.7,
            22.2,
            2.44
        ],
        "Saccharomyces cerevisiae": [
            57.0,
            113.0,
            74.9,
            56.6,
            71.1,
            2.55,
            14.0,
            47.3,
            92.3,
            91.8,
            81.6,
            50.1
        ],
        "Homo sapiens": [
            9.333333,
            1.516667,
            5.583333,
            1.3,
            3.7,
            5.1,
            3.7,
            9.333333,
            1.883333,
            1.583333,
            2.483333,
            0.15,
            1.583333,
            0.55,
            0.7833333,
            1.0,
            0.03333333,
            0.7,
            7.25,
            3.116667,
            2.766667,
            0.8166667,
            6.966667,
            0.15,
            7.366667,
            1.7,
            0.05,
            1.683333,
            6.95,
            0.05,
            6.183333,
            6.2,
            14.68333,
            0.8333333,
            7.083333,
            9.5,
            7.3,
            4.7,
            1.6,
            3.0,
            0.67,
            1.9,
            9.5,
            0.0006666667
        ],
        "Escherichia coli": [
            0.003,
            0.003166667,
            0.003333333,
            0.001583333,
            0.03666667,
            0.05,
            0.0075
        ],
        "Mycobacterium bovis": [
            8.7,
            4.9,
            4.1,
            3.8,
            4.6,
            3.0,
            1.25
        ],
        "Mycobacterium smegmatis": [
            37.8,
            18.6,
            16.6,
            1.6
        ],
        "Lactococcus lactis": [
            30.0
        ]
    },
    "glyald;h;nadph": {
        "Sus scrofa": [
            14.41667
        ]
    },
    "glcur;h;nadph": {
        "Sus scrofa": [
            11.55
        ],
        "Homo sapiens": [
            2.7
        ]
    },
    "glyc;nadp": {
        "Sus scrofa": [
            0.6116667
        ]
    },
    "acald;h;nadph": {
        "Saccharomyces cerevisiae": [
            5.6
        ]
    },
    "h;nadph;ppal": {
        "Saccharomyces cerevisiae": [
            55.0
        ],
        "Homo sapiens": [
            0.46
        ]
    },
    "h;hptal;nadph": {
        "Saccharomyces cerevisiae": [
            72.9
        ]
    },
    "h;nadh;ppal": {
        "Saccharomyces cerevisiae": [
            84.0
        ]
    },
    "h;hptal;nadh": {
        "Saccharomyces cerevisiae": [
            101.0
        ]
    },
    "h;mthgxl;nadph": {
        "Homo sapiens": [
            3.566667,
            7.3
        ]
    },
    "dha;h;nadph": {
        "Homo sapiens": [
            1.5
        ]
    },
    "lald__D;h;nadph": {
        "Homo sapiens": [
            8.466667
        ]
    },
    "g3p;h;nadph": {
        "Homo sapiens": [
            21.55
        ]
    },
    "ppoh;nadp": {
        "Escherichia coli": [
            0.001
        ]
    },
    "1btol;nadp": {
        "Escherichia coli": [
            0.004333333
        ],
        "Mycobacterium bovis": [
            4.6
        ]
    },
    "bzalc;nadp": {
        "Escherichia coli": [
            0.0009166667,
            0.04666667
        ]
    },
    "bzal;h;nadph": {
        "Homo sapiens": [
            0.47
        ],
        "Mycobacterium bovis": [
            7.2
        ],
        "Mycobacterium smegmatis": [
            32.1
        ]
    },
    "4hbald;h;nadph": {
        "Mycobacterium bovis": [
            0.9
        ]
    }
}