{
    "REST": {
        "Rhizopus oryzae": [
            5162.0,
            5000.0,
            855.0
        ],
        "Bacillus gibsonii": [
            3.940167,
            6.066333,
            8.0655
        ]
    }
}