{
    "REST": {
        "Rattus norvegicus": [
            5.333333,
            23.33333,
            23.33333,
            23.33333,
            23.33333,
            23.33333,
            23.33333,
            23.33333,
            23.33333,
            23.33333,
            23.33333,
            23.33333,
            23.33333,
            23.33333,
            23.33333,
            23.33333,
            23.33333,
            23.33333
        ]
    },
    "accoa;h2o": {
        "Rattus norvegicus": [
            6.666667
        ]
    },
    "h2o;ppcoa": {
        "Rattus norvegicus": [
            2.0
        ]
    }
}