{
    "adp;cbp": {
        "Escherichia coli": [
            0.005166667,
            0.005166667
        ]
    },
    "REST": {
        "Escherichia coli": [
            1.23,
            0.001
        ]
    }
}