,substrate,EXP,GEM_flux,ecGEM_flux
EX_glc__D_e,Glucose,0.59,0.6131207499554726,0.5629782901535071
EX_fru_e,Fructose,0.53,0.4496564547046064,0.42802641975545197
EX_6pgc_e,6-Phospho-D-gluconate,0.42,0.4025791439456109,0.37655887203628413
EX_succ_e/EX_glu__L_e,Succinate/L-Glutamate,0.22,0.2335091939143412,0.22608652186558933
EX_glyc_e,Glycerol,0.4,0.2742475427468198,0.27087651853088435
EX_pyr_e,Pyruvate,0.17,0.22725728624102143,0.21594019516193444
EX_mal__L_e,(S)-Malate,0.57,1.0200343975278465,1.0200343975278465
EX_glc__D_e/EX_mal__L_e,Glucose/(S)-Malate,0.75,1.0529724880286593,0.6427537439751214
